[
  {
    "address": "1 Acacia Avenue",
    "residents": [
      "Bob Hughes"
    ]
  },
  {
    "address": "2 Acacia Avenue",
    "residents": [
      "Nancy Moore",
      "Edward Moore",
      "Yvonne Moore",
      "Nancy Moore"
    ]
  },
  {
    "address": "3 Acacia Avenue",
    "residents": [
      "Sam Ward",
      "Victor Ward",
      "George Ward"
    ]
  },
  {
    "address": "4 Acacia Avenue",
    "residents": [
      "Wendy Fox",
      "Victor Fox",
      "Yvonne Fox",
      "Fiona Fox"
    ]
  },
  {
    "address": "5 Acacia Avenue",
    "residents": [
      "Ursula Harper",
      "David Harper",
      "Tina Harper",
      "Victor Harper"
    ]
  },
  {
    "address": "6 Acacia Avenue",
    "residents": [
      "Ursula Stone",
      "Mark Stone"
    ]
  },
  {
    "address": "7 Acacia Avenue",
    "residents": [
      "Amelia Price"
    ]
  },
  {
    "address": "8 Acacia Avenue",
    "residents": [
      "Ursula Moore",
      "Alice Moore",
      "Charlie Moore"
    ]
  },
  {
    "address": "9 Acacia Avenue",
    "residents": [
      "Olivia Wright"
    ]
  },
  {
    "address": "10 Acacia Avenue",
    "residents": [
      "Tina Jones",
      "Quincy Jones",
      "Clara Jones"
    ]
  },
  {
    "address": "55 Oak Lane",
    "residents": [
      "Rachel Clark"
    ]
  },
  {
    "address": "56 Oak Lane",
    "residents": [
      "Sam Green"
    ]
  },
  {
    "address": "57 Oak Lane",
    "residents": [
      "David Hall",
      "Dana Hall",
      "Peter Hall",
      "Fiona Hall"
    ]
  },
  {
    "address": "58 Oak Lane",
    "residents": [
      "Quincy Brown"
    ]
  },
  {
    "address": "59 Oak Lane",
    "residents": [
      "Quincy Stone",
      "Bob Stone",
      "Quincy Stone",
      "Nancy Stone"
    ]
  },
  {
    "address": "1 Willow Way",
    "residents": [
      "Yvonne Brown",
      "Wendy Brown",
      "Dana Brown"
    ]
  },
  {
    "address": "2 Willow Way",
    "residents": [
      "Dana Moore",
      "Zachary Moore",
      "Bob Moore"
    ]
  },
  {
    "address": "3 Willow Way",
    "residents": [
      "Hannah Harper",
      "Nancy Harper",
      "Fiona Harper"
    ]
  },
  {
    "address": "4 Willow Way",
    "residents": [
      "Tina Green"
    ]
  },
  {
    "address": "5 Willow Way",
    "residents": [
      "Nancy Hughes",
      "Fiona Hughes",
      "Yvonne Hughes",
      "Wendy Hughes"
    ]
  },
  {
    "address": "6 Willow Way",
    "residents": [
      "Amelia Fox"
    ]
  },
  {
    "address": "7 Willow Way",
    "residents": [
      "Jane Jones",
      "Amelia Jones",
      "George Jones"
    ]
  },
  {
    "address": "8 Willow Way",
    "residents": [
      "Peter Smith",
      "Alice Smith",
      "Amelia Smith"
    ]
  },
  {
    "address": "9 Willow Way",
    "residents": [
      "Victor Wright",
      "David Wright",
      "Wendy Wright"
    ]
  },
  {
    "address": "10 Willow Way",
    "residents": [
      "George Clark",
      "Hannah Clark"
    ]
  },
  {
    "address": "100 Beech Street",
    "residents": [
      "Nancy Smith",
      "Mark Smith",
      "Yvonne Smith",
      "Alice Smith"
    ]
  },
  {
    "address": "101 Beech Street",
    "residents": [
      "Brian Lee",
      "Zachary Lee"
    ]
  },
  {
    "address": "102 Beech Street",
    "residents": [
      "Bob Clark",
      "Rachel Clark",
      "Sam Clark"
    ]
  },
  {
    "address": "103 Beech Street",
    "residents": [
      "Kevin King",
      "Jane King"
    ]
  },
  {
    "address": "104 Beech Street",
    "residents": [
      "Charlie Fox",
      "George Fox",
      "Xavier Fox"
    ]
  },
  {
    "address": "105 Beech Street",
    "residents": [
      "Amelia Hughes",
      "Brian Hughes",
      "Rachel Hughes",
      "Yvonne Hughes"
    ]
  },
  {
    "address": "106 Beech Street",
    "residents": [
      "Tina Clark",
      "Wendy Clark",
      "David Clark",
      "Quincy Clark"
    ]
  },
  {
    "address": "107 Beech Street",
    "residents": [
      "Peter Wright",
      "Jane Wright",
      "Ursula Wright",
      "Laura Wright"
    ]
  },
  {
    "address": "108 Beech Street",
    "residents": [
      "Bob King",
      "Charlie King"
    ]
  },
  {
    "address": "109 Beech Street",
    "residents": [
      "Ursula Brown",
      "Clara Brown",
      "Laura Brown",
      "Nancy Brown"
    ]
  },
  {
    "address": "110 Beech Street",
    "residents": [
      "Charlie Green",
      "Wendy Green",
      "Xavier Green",
      "Tina Green"
    ]
  },
  {
    "address": "200 Maple Road",
    "residents": [
      "Zachary Wright",
      "Sam Wright"
    ]
  },
  {
    "address": "201 Maple Road",
    "residents": [
      "Ian Price",
      "Brian Price",
      "Edward Price",
      "Quincy Price"
    ]
  },
  {
    "address": "202 Maple Road",
    "residents": [
      "David Price",
      "Wendy Price",
      "Nancy Price"
    ]
  },
  {
    "address": "203 Maple Road",
    "residents": [
      "Sam Green"
    ]
  },
  {
    "address": "204 Maple Road",
    "residents": [
      "Sam Jones",
      "Bob Jones"
    ]
  },
  {
    "address": "205 Maple Road",
    "residents": [
      "Brian Jones",
      "Hannah Jones"
    ]
  },
  {
    "address": "206 Maple Road",
    "residents": [
      "Laura Scott",
      "Yvonne Scott",
      "Victor Scott",
      "Clara Scott"
    ]
  },
  {
    "address": "207 Maple Road",
    "residents": [
      "Nancy Stone"
    ]
  },
  {
    "address": "208 Maple Road",
    "residents": [
      "Jane Moore",
      "Mark Moore",
      "Xavier Moore"
    ]
  },
  {
    "address": "209 Maple Road",
    "residents": [
      "Olivia Smith",
      "Hannah Smith",
      "Bob Smith",
      "Peter Smith"
    ]
  },
  {
    "address": "210 Maple Road",
    "residents": [
      "Olivia Stone",
      "Bob Stone",
      "Nancy Stone"
    ]
  }
]